,stockCode,maxDrawdownDay,maxDrawdownHour,maxDrawdownMinute,slope,intercept,R^2,p,stdError
0,3021,0.18548020027309967,0.18718707328174772,0.037122341146186275,1.0597384262796024,50.162080672268914,0.9494643681190882,2.5948912832205992e-22,0.043219845267293576
1,600493,0.15470494417862837,0.15470494417862837,0.0818815331010454,0.02483728036669214,5.190773109243697,0.9004930456327754,1.3582712931309501e-17,0.0014595386026003973
2,603101,0.13604766633565055,0.13604766633565055,0.03794642857142875,0.11208907563025215,5.750030252100839,0.9824389077657125,1.1545593414631893e-29,0.002649178877450617
3,688320,0.1685053380782919,0.17722419928825622,0.04965786901270771,0.6879810542398778,26.626489075630253,0.9828320138849981,8.035628463301263e-30,0.016073909509119508
4,600098,0.051395007342143854,0.058737151248164386,0.021244309559939254,0.00869258976317801,6.4259546218487404,0.9261396415606413,1.1381614435102898e-19,0.0004339519692620926
5,600735,0.16845878136200723,0.18881118881118883,0.07784431137724544,0.026403819709702053,4.56730756302521,0.9160874217418198,8.812000754792354e-19,0.0014126573779490437
6,603303,0.06991869918699196,0.06991869918699196,0.03115015974440885,0.04734759358288768,11.161294117647058,0.9800482132820689,8.908364897458034e-29,0.0011942358332575783
7,300634,0.15634344297308844,0.19782355227361056,0.07165991902834007,0.1380108479755538,20.99932100840336,0.9408063731092444,3.2720622143330542e-21,0.006119635920668504
8,2084,0.17789757412398927,0.18010752688172052,0.07854984894259825,0.016642627960275012,2.9743378151260504,0.9371866405051813,8.473050449391465e-21,0.000761657778874955
9,688455,0.11495176848874596,0.1257383966244726,0.06905370843989773,0.06651398013750955,10.099754621848739,0.9481399811683991,3.9279245325880214e-22,0.0027499072889708757
10,300006,0.2209856915739268,0.22955974842767293,0.08015267175572517,0.05004537815126051,4.286868907563025,0.9305251780403314,4.2648019671928655e-20,0.0024173450346174135
11,301231,0.17417677642980936,0.1938083121289227,0.09617224880382766,0.09860305576776163,18.46772605042017,0.9089666439406946,3.2556447574759777e-18,0.005516221400136224
12,600873,0.04734848484848485,0.07383177570093451,0.017674418604651118,0.043924064171122996,9.452282352941177,0.98242628998344,1.1679111181115921e-29,0.0010385066174133897
13,300607,0.2366059287462606,0.2667189132706374,0.08515497553017944,0.667322536287242,15.13394285714286,0.9509023379912194,1.633881399008063e-22,0.026805459166818434
14,2491,0.09110629067245117,0.10114503816793897,0.09090909090909086,0.017592055003819707,4.249025210084033,0.9489189479844232,3.081984066827706e-22,0.0007215342351798436
15,300597,0.11023622047244104,0.1171875000000001,0.08138351983723303,0.029824751718869374,8.901273949579831,0.9150649228341984,1.070192671397705e-18,0.0016062732863793975
16,2769,0.24780487804878049,0.24780487804878049,0.07664670658682632,0.07479419404125286,6.310013445378152,0.9391790285606487,5.053922651675374e-21,0.003364692503715928
17,300980,0.1554004408523145,0.1753945480631277,0.10095770151636065,0.21669258976317793,19.303954621848742,0.9678910933097397,1.814032052810281e-25,0.006976997753883306
18,300559,0.14652014652014653,0.1618705035971223,0.07303370786516855,0.07515721925133688,10.923435294117647,0.9133233830532653,1.4821331502491147e-18,0.004092930798093869
19,2809,0.12845010615711244,0.13121693121693107,0.06735159817351596,0.027404889228418643,8.217848739495796,0.9064902836602098,5.00830206880675e-18,0.00155596511174221
20,790,0.12272727272727282,0.1345291479820628,0.0423940149625935,0.019022612681436204,3.6293915966386554,0.9533277391949128,7.25554000356067e-23,0.0007440523291364844
21,3027,0.14139110604332947,0.1505131128848346,0.05982367758186404,0.11445286478227652,13.641821848739495,0.9285300115513526,6.715464826231832e-20,0.005613265208993373
22,300582,0.09814963797264674,0.11395819285232633,0.08400537634408602,0.10224935064935063,11.310356302521006,0.9475123352570725,4.763118229976533e-22,0.004254237765501142
23,682,0.1496932515337424,0.17500000000000007,0.04676753782668499,0.037939648586707404,6.535142857142858,0.9716937933175609,2.4095913832647647e-26,0.0011447072598152743
24,2006,0.16721311475409836,0.18215271389144422,0.05629314922995214,0.2583448433919022,12.283692436974789,0.9362105449297548,1.0849305022002127e-20,0.01192099456735168
25,2390,0.1304347826086956,0.1304347826086956,0.045346062052506055,0.024332467532467525,3.48598487394958,0.9449061992267233,1.0355719760800694e-21,0.0010386475030211152
26,2826,0.143609022556391,0.1480927449513836,0.06347897774113778,0.08588021390374331,9.930211764705884,0.9741538338222151,5.6189964281781374e-27,0.0024728764715060392
27,2331,0.13812785388127855,0.14155251141552513,0.08416389811738648,0.030856226126814372,7.928872268907563,0.962814898905392,1.903762376324744e-24,0.0010719657303523745
28,603903,0.19088669950738904,0.19088669950738904,0.0764872521246459,0.022342857142857147,6.723342857142858,0.9318359961955692,3.1423510556430377e-20,0.0010682466119609074
29,2678,0.1463414634146341,0.15517241379310337,0.07061068702290078,0.03144476699770817,4.479867226890758,0.922751177859659,2.336883163297342e-19,0.0016083368806210161
30,2354,0.2698768197088466,0.2974137931034483,0.08169014084507044,0.12784583651642475,3.0954554621848724,0.9232120982199654,2.1230017176296705e-19,0.006517893452886768
31,300558,0.08856746582127994,0.10627550029143189,0.024510700567038655,0.29544568372803676,46.72591092436975,0.9040568650006111,7.563999179395156e-18,0.017014208041687028
32,300109,0.10608598548297032,0.13646170442286934,0.06323877068557932,0.13824583651642472,12.670090756302521,0.974179695337103,5.529642051617763e-27,0.003978672718954105
33,300939,0.09952606635071089,0.10192023633677999,0.05443492677535228,0.09638304048892282,31.524297478991596,0.9382904227117298,6.3768893391810585e-21,0.004369515429583782
34,2829,0.13707037643207862,0.14856681469519578,0.06224988883948416,0.11722062643239113,19.804242016806725,0.941685883708096,2.5740156737815127e-21,0.005156593157322117
35,300882,0.09151921903599755,0.09151921903599755,0.05608591885441534,0.05313964858670741,15.155695798319327,0.9151476554376907,1.0535903046732252e-18,0.0028604214535384222
36,603311,0.21138845553822158,0.22170900692840653,0.07861060329067637,0.08782276546982427,9.593983193277312,0.900026847261365,1.464100880611886e-17,0.0051742341896410145
37,2497,0.12463768115942032,0.12463768115942032,0.04881889763779522,0.0661957219251337,10.758329411764706,0.9650246161393289,7.135781409655782e-25,0.00222775272089294
38,605299,0.15578947368421056,0.15578947368421056,0.06007067137809185,0.03993170359052711,7.468921008403361,0.9334748612480014,2.1271010060898495e-20,0.0018844491836867714
39,603365,0.11751662971175163,0.12139689578713966,0.022632519356759917,0.11050878533231474,13.385781512605044,0.9369611336069914,8.974097157143088e-21,0.005067167091186697
40,600113,0.06486486486486485,0.07975460122699381,0.06510067114093963,0.10093537051184111,11.703036974789915,0.9542580586018139,5.254882226663995e-23,0.003906544455916661
41,2264,0.1276041666666666,0.1597402597402598,0.07340720221606639,0.05423086325439267,5.557867226890757,0.932506125705389,2.6819866444526884e-20,0.0025791574831775443
42,603330,0.13666666666666671,0.14555555555555552,0.06553398058252427,0.047816501145912904,6.30693949579832,0.9332057061796649,2.2693631732497575e-20,0.0022614333568060307
43,301119,0.11344019728729952,0.12450532724505327,0.06871666143708821,0.3276467532467533,20.79288739495798,0.9031069295034753,8.859845079407043e-18,0.018971761293979608
44,600229,0.12976190476190486,0.12976190476190486,0.06177606177606172,0.033590679908326974,7.0921361344537805,0.9160943688040905,8.800304120101132e-19,0.001797087622336356
45,605599,0.07960199004975131,0.07960199004975131,0.03239929947460589,0.0271625668449198,10.773200000000001,0.9675128257231851,2.1883028386035527e-25,0.0008798799522813021
46,600935,0.1516129032258065,0.17419354838709677,0.0531914893617021,0.011969442322383495,2.574857142857143,0.9319902258587104,3.0302667403680636e-20,0.0005715824880644639
47,2426,0.26914153132250573,0.28893905191873587,0.09248554913294793,0.04039067990832696,2.250230252100841,0.9187210678986332,5.283301708243297e-19,0.0021237497038851857
48,300378,0.14028776978417265,0.15565749235474016,0.07504187604690124,0.19949152024446148,24.25091932773109,0.9593654677999454,7.88434150241604e-24,0.007257800761219785
49,564,0.2477341389728096,0.2477341389728096,0.0743801652892562,0.05257830404889227,2.1479579831932774,0.953939100972352,5.873760155242808e-23,0.0020423843046065457
50,301287,0.1315315315315314,0.1772403982930298,0.07878787878787887,0.09772834224598928,28.61948235294118,0.9251760524360468,1.4011447473669408e-19,0.004913078009328916
51,301262,0.10112359550561795,0.10868102288021536,0.05760286225402503,0.08978319327731103,25.96137142857142,0.9635047438163636,1.4104115704146626e-24,0.0030889532693096516
52,600692,0.19126213592233016,0.1959459459459459,0.04597701149425271,0.08893460656990071,7.086667226890757,0.9057952244593169,5.64034006517129e-18,0.005070108405799905
53,605389,0.06530898876404492,0.07703332139018268,0.07881944444444443,0.1775368983957219,21.180552941176472,0.9749183130773891,3.4743088549213746e-27,0.0050339383945619525
54,2575,0.16844602609727163,0.20838052095130236,0.07579787234042545,0.06754392666157372,5.562025210084034,0.9509053128956433,1.632295731121894e-22,0.0027130633012393394
55,2357,0.10532544378698222,0.11888111888111894,0.045801526717557293,0.053657754010695204,6.014823529411765,0.9602067333459468,5.639179739617554e-24,0.0019309895500403112
56,2587,0.10028653295128942,0.13942307692307693,0.06625766871165645,0.05546936592818946,6.160137815126051,0.962282166829129,2.3909468164627123e-24,0.001941334449217132
57,300651,0.22706681766704415,0.2666666666666667,0.06913073237508555,0.0634586707410237,13.355784873949581,0.9566026547753476,2.2617251637691678e-23,0.002389361008046373
58,600556,0.29161603888213855,0.29161603888213855,0.06270096463022504,0.07029885408708937,4.302833613445379,0.9024917241285572,9.807193356625871e-18,0.00408481489691675
59,600576,0.16338028169014074,0.17464788732394357,0.06892067620286088,0.07026035141329257,5.679645378151261,0.9378028853618576,7.234314576380508e-21,0.0031986348533439915
60,301081,0.10569948186528492,0.11305241521068855,0.07243243243243243,0.032161191749427054,8.468663865546219,0.9274614445036258,8.519880293290374e-20,0.0015899873292296535
61,2817,0.13573407202216062,0.13573407202216062,0.06176470588235293,0.022953705118410998,6.296969747899159,0.9107083884743036,2.387863785300824e-18,0.0012705550041659892
62,605088,0.10309641097818449,0.12939749292357458,0.053791557713858844,0.25012650878533227,19.634442016806723,0.990056009997513,1.2852436724417058e-33,0.004431341187574579
63,601011,0.23391812865497072,0.2577903682719546,0.08421052631578954,0.023428877005347595,2.3583058823529415,0.9414150144467311,2.7725018467603037e-21,0.0010331873653509885
64,603579,0.1238038277511961,0.13467217956290606,0.04876462938881664,0.051959663865546186,13.813959663865548,0.9144708638107892,1.1968122851563542e-18,0.002809075747489812
65,301283,0.1169686985172982,0.11894563426688642,0.050142247510668564,0.05281130634071803,26.99173109243698,0.9216736151048929,2.9183285650426923e-19,0.0027215566884791252
66,603102,0.107897384305835,0.12202970297029703,0.048648648648648575,0.15559679144385027,33.592152941176465,0.9532962049751212,7.334488149551832e-23,0.006088184453351175
67,605108,0.13980716253443523,0.1517826825127334,0.07939438700147705,0.1847300229182582,20.764307563025206,0.9184973729937627,5.52144611278893e-19,0.009727681424925142
68,2348,0.28163265306122454,0.33459357277882795,0.04087193460490461,0.045330634071810545,3.1733092436974792,0.9210104534094052,3.3409135373233107e-19,0.0023467635572982735
69,2862,0.30067243035542746,0.3050119331742243,0.13333333333333333,0.6833278838808251,17.118472268907563,0.9240552305203045,1.778466492651432e-19,0.034630130091315055
70,603825,0.2937976060935799,0.2937976060935799,0.0903994393833216,0.13205210084033614,11.190169747899159,0.9357883728737154,1.2059527444384332e-20,0.006114885661710759
71,301446,0.08160564622849587,0.09412711182622686,0.08013355592654431,0.05589503437738728,21.263114285714284,0.9498464162085373,2.297764524535506e-22,0.002270505352172437
72,603060,0.10569105691056903,0.12165450121654511,0.036386449184441665,0.03581940412528648,6.898803361344537,0.987665408793976,4.0411461885415975e-32,0.0007076211845191801
73,2292,0.24831081081081077,0.28387096774193543,0.08987603305785116,0.12805271199388846,6.420277310924371,0.9332020501509565,2.2713556017481264e-20,0.006056301899944786
74,2293,0.11731843575418983,0.12222222222222218,0.024813895781637736,0.04884003055767761,7.183374789915967,0.9044215249467927,7.115551864117213e-18,0.0028066970712241303
75,603898,0.09230769230769238,0.10576923076923073,0.04660587639311035,0.04666233766233764,8.436806722689079,0.9160119004665334,8.94009876603367e-19,0.002497754913926761
76,300833,0.13180000000000006,0.1577857277348899,0.03700497727764555,0.2758582123758594,39.021692436974796,0.9152589395685424,1.031639109004648e-18,0.014838359397807093
77,2780,0.22820512820512825,0.22820512820512825,0.055773762765121825,0.0816452253628724,11.407383193277312,0.9135933356183643,1.4097812647319482e-18,0.004438671059645087
78,2718,0.21583577712609978,0.21583577712609978,0.08361891706648394,0.09583177998472114,12.095805042016806,0.9331220952850744,2.315341058746101e-20,0.004535306665016076
79,300219,0.10199004975124372,0.10532407407407408,0.05276073619631909,0.02373857906799085,7.4076369747899165,0.9013946997768661,1.1736332264437234e-17,0.0013879453310108715
80,301177,0.10045836516424748,0.12126865671641791,0.041123778501628586,0.07636180290297938,22.889442016806722,0.954719089582486,4.4675912969508574e-23,0.0029398214631940487
81,603022,0.14755959137343935,0.1571268237934905,0.07213930348258697,0.02948235294117645,7.51095294117647,0.9469866976117802,5.5878682969576805e-22,0.0012331265314460087
82,2330,0.14393939393939406,0.14393939393939406,0.07422680412371123,0.021100840336134456,4.302042016806723,0.939040656997995,5.241425330450327e-21,0.0009503918491078824
83,603385,0.11741424802110814,0.12005277044854883,0.04857142857142855,0.02530435446906035,6.50215462184874,0.9476427000400789,4.577023995271011e-22,0.001051445057340913
84,2171,0.09319371727748696,0.10937499999999989,0.03675675675675674,0.079096256684492,6.679117647058824,0.9749719606674511,3.357210503016667e-27,0.00224025932018931
85,603716,0.21542803386641587,0.2241860465116279,0.08951965065502186,0.08455492742551567,7.33207899159664,0.9765871270067861,1.1536838674471653e-27,0.0023143859753957468
86,2054,0.21156373193166889,0.21156373193166889,0.05826771653543295,0.042690603514132945,5.397722689075629,0.902417423200211,9.927830247533799e-18,0.0024816453129756244
87,2613,0.12526997840172788,0.132762312633833,0.06060606060606056,0.014901298701298703,3.9896285714285713,0.9013991736173541,1.1727788067377352e-17,0.0008712260064975253
88,3003,0.14638609332113448,0.1510464058234759,0.08921568627450982,0.03953353705118411,9.21778487394958,0.9769724266093328,8.845079884383892e-28,0.0010729355058533045
89,603183,0.1551724137931034,0.15879828326180262,0.05555555555555545,0.016510160427807476,3.7915529411764712,0.9103566675437381,2.543345669092758e-18,0.0009158608860861141
90,300592,0.1336898395721924,0.15331010452961666,0.0806349206349206,0.1307035905271199,12.293361344537814,0.9327366262173474,2.5388375312009044e-20,0.006204722130211413
91,300387,0.15273477812177488,0.17404426559356123,0.07248018120045306,0.04569258976317798,7.802072268907563,0.9031172332653709,8.844735161414699e-18,0.0026455866237678565
92,2547,0.24653312788906018,0.2798232695139912,0.08426966292134835,0.06990084033613447,3.827959663865545,0.9310945648865034,3.7375838115498697e-20,0.003361532013488446
93,300464,0.17686170212765948,0.20742637644046086,0.08035714285714286,0.06523636363636365,4.735658823529412,0.9692262517670968,9.188439738128549e-26,0.0020549079370794556
94,810,0.06010928961748639,0.06929510155316598,0.012626262626262581,0.03403544690603514,7.167179831932773,0.9644765279304139,9.153856469949774e-25,0.001154697805745374
95,300299,0.2831460674157304,0.2932584269662922,0.11489361702127654,0.06798609625668448,5.046670588235293,0.960444139296345,5.123720995508458e-24,0.0024390150474263347
96,600016,0.06971153846153846,0.07637231503579958,0.007371007371007432,0.011894576012223065,3.725739495798319,0.9427395682418138,1.9216668603913787e-21,0.0005182095572152607
97,600079,0.07521008403361341,0.07857142857142861,0.024916943521594598,0.08400122230710465,21.42715630252101,0.9170942259188414,7.260633912885257e-19,0.0044647384879655545
98,300610,0.10545129579982125,0.10784313725490204,0.05832549388523057,0.025023682200152785,10.006521008403363,0.9664226739739564,3.71265095190387e-25,0.0008245475871576179
99,600682,0.1496932515337424,0.17500000000000007,0.04676753782668499,0.037939648586707404,6.535142857142858,0.9716937933175609,2.4095913832647647e-26,0.0011447072598152743
100,603307,0.09718603439291307,0.11153846153846157,0.05437158469945361,0.17444033613445373,30.59555798319328,0.9414407322021305,2.7530572990150844e-21,0.007690830720139393
101,300819,0.15265760197775025,0.15698393077873912,0.0840108401084011,0.07475874713521773,12.633304201680673,0.9324604213414964,2.7112552638900825e-20,0.003556730796335108
102,300074,0.1502890173410405,0.15192307692307694,0.11693548387096776,0.018103743315508024,4.4453764705882355,0.9112730852641651,2.1567461349038543e-18,0.0009986120736833186
103,603551,0.08235294117647061,0.0869565217391305,0.03625110521662247,0.02844186401833459,10.604944537815125,0.9020830863071337,1.0488094341475508e-17,0.0016564893751561608
104,2732,0.13387533875338747,0.13387533875338747,0.04619076184763055,0.057868449197860994,15.521376470588237,0.9276623282354138,8.149282889337577e-20,0.002856631085616865
105,300126,0.1635802469135803,0.1635802469135803,0.11056105610561055,0.021403361344537828,5.616697478991597,0.910945417725797,2.2881600379311758e-18,0.0011830114608942174
106,2267,0.05046948356807509,0.059302325581395324,0.019417475728155355,0.01674132925897631,7.782003361344536,0.9139841010283273,1.3108972660020624e-18,0.0009078936833502124
107,600734,0.15760869565217392,0.1598272138228941,0.08486238532110094,0.03405103132161955,3.441393277310924,0.9331623636846547,2.2930893755939368e-20,0.0016109691180752545
108,2696,0.18000000000000002,0.18000000000000002,0.08566108007448789,0.021255767761650113,5.054544537815126,0.9082141967885492,3.7153924842625655e-18,0.0011945254867792878
109,688787,0.17445620223398006,0.22971645143177985,0.1092233009708738,1.5678814362108477,61.33189747899159,0.9034735869578154,8.33678938798063e-18,0.09059486510008131
110,605303,0.17959183673469403,0.19277108433734955,0.09049773755656117,0.03729640947288005,8.072579831932774,0.923724346243229,1.9068989858982164e-19,0.0018945837555905255
111,300264,0.2280701754385965,0.27732079905992946,0.09734513274336284,0.04070190985485103,6.0351831932773115,0.9174845520825405,6.731249965287259e-19,0.002157784401819859
112,2121,0.13024282560706407,0.1359649122807017,0.06150793650793643,0.025789915966386558,4.101201680672268,0.9520535402279922,1.1171350311870173e-22,0.0010231104594154506
113,3005,0.211135611907387,0.211135611907387,0.07110389610389614,0.20985592055003816,26.686230252100838,0.9277476073712576,7.996574576156413e-20,0.01035279065578651
114,600228,0.17730496453900718,0.1997716894977169,0.056135770234986906,0.06355034377387318,6.042389915966387,0.9358268164942583,1.1944293669887954e-20,0.00294185974919168
115,300335,0.13937282229965153,0.14384748700173297,0.08178438661710027,0.017172192513368996,5.027247058823528,0.9108784531972421,2.315924823299332e-18,0.0009495370228696593
116,300533,0.22673559822747405,0.23464912280701747,0.0721603563474388,0.23028861726508784,18.329384873949582,0.956584596458436,2.2768506571025883e-23,0.008672767667999633
117,600128,0.16424116424116425,0.17368961973278532,0.05076741440377821,0.040306493506493506,7.9781193277310924,0.9118014622346045,1.9596443138396734e-18,0.0022160552262412503
118,300027,0.180281690140845,0.2027397260273972,0.07051282051282057,0.0170340718105424,2.8829378151260507,0.903362012743359,8.492807035092448e-18,0.0009848872393659538
119,301303,0.06911314984709484,0.071951219512195,0.0626506024096386,0.06353109243697477,13.878589915966387,0.9109574026155092,2.2832239273363e-18,0.003511245611105145
120,2201,0.15933232169954475,0.15933232169954475,0.08774834437086097,0.029935523300229173,5.231946218487396,0.9804138372871227,6.625259318542594e-29,0.0007479659508798817
121,688669,0.15106260769672605,0.15565766800689262,0.05352480417754571,0.13765867074102367,12.189455462184874,0.901751390917063,1.1073130670570435e-17,0.008032456409001647
122,969,0.10799999999999994,0.10918774966711044,0.04304160688665708,0.020743773873185625,6.695963025210084,0.9232074939878714,2.1250443349566316e-19,0.0010576026735971357
123,301123,0.11306901615271653,0.09569377990430622,0.05512172714745059,0.04529885408708941,19.365245378151265,0.901200390335173,1.2113111233561003e-17,0.00265142383207092
124,600551,0.08556701030927837,0.0930470347648262,0.039173014145810606,0.04031917494270436,8.105233613445378,0.9279746222160801,7.603038371745422e-20,0.001985689640329392
125,871245,0.16763005780346826,0.15441539220522935,0.07117647058823534,0.5285552330022919,15.441485714285712,0.9623667026909151,2.306537818639804e-24,0.018476990239721436
126,1202,0.19412822049131226,0.19412822049131226,0.05492957746478869,0.07757463712757831,12.849018487394959,0.9131208394356988,1.5386893311379849e-18,0.004229981270379531
127,688679,0.151085141903172,0.15811258278145696,0.06057781919850888,0.06236990068754773,9.231455462184876,0.9223793322246335,2.523987156736304e-19,0.00319840878118733
128,300612,0.11767955801104976,0.13532608695652165,0.08113590263691674,0.09539648586707408,16.199428571428573,0.9502038408462855,2.048947553453734e-22,0.0038605298966146793
129,600854,0.1480804387568555,0.1480804387568555,0.06813627254509015,0.01785821237585942,4.729986554621848,0.9299440317319669,4.874265673167773e-20,0.0008664772380899406
130,603329,0.11126564673157172,0.11618257261410798,0.06857942617214827,0.032540718105424,13.016813445378151,0.9772466196683312,7.301439650437514e-28,0.0008777544061699281
131,2905,0.17001055966209083,0.17001055966209083,0.07201889020070841,0.07523193277310924,6.451584873949581,0.9728890204302821,1.2075611503928351e-26,0.002220077748483963
132,301069,0.10443571027512631,0.15027027027027023,0.058579881656804646,0.08580244461420934,13.91758319327731,0.927832726201156,7.846832489367728e-20,0.0042301910191203385
133,417,0.18356164383561643,0.18767123287671234,0.04220779220779217,0.05425255920550039,4.997391596638654,0.9113181315540115,2.1392436432893617e-18,0.0029917662061359628
134,300467,0.15230769230769226,0.1857142857142857,0.07090602138435555,0.05833735676088621,16.749845378151257,0.9543801858371461,5.034537706170768e-23,0.0022546950281318624
135,600269,0.03321033210332098,0.04428044280442808,0.014571948998178519,0.008464782276546973,5.153919327731091,0.9719490368859555,2.0842387519411434e-26,0.000254210183760596
136,600593,0.2931648273406906,0.2931648273406906,0.09791004089050435,0.7612895339954164,20.142781512605044,0.9579489103970991,1.3651442585953112e-23,0.028196313002409174
137,300703,0.23654822335025383,0.280726924916308,0.0831295843520782,0.23755645530939654,7.905171428571428,0.9199888641292784,4.1056700909638137e-19,0.012384423073765279
138,688068,0.16219239373601788,0.18865292202759262,0.04488188976377955,1.0720134453781514,26.939484033613436,0.9439825405893794,1.3517933914184853e-21,0.04616416305951767
139,425,0.09153318077803202,0.13274336283185834,0.04819277108433739,0.011661879297173423,3.853902521008403,0.9375616802455565,7.697421827229064e-21,0.0005320093099116088
140,692,0.19126213592233016,0.1959459459459459,0.04597701149425271,0.08893460656990071,7.086667226890757,0.9057952244593169,5.64034006517129e-18,0.005070108405799905
141,603982,0.15748792270531392,0.15748792270531392,0.07234042553191486,0.03394851031321618,8.926114285714284,0.900238958728414,1.415026234647618e-17,0.001997778420545618
142,2198,0.2510869565217391,0.2510869565217391,0.043296089385474926,0.06824446142093198,6.542378151260505,0.9201326780208959,3.9888824299117593e-19,0.0035542809625018082
143,603915,0.1597975415762835,0.1597975415762835,0.052373158756137524,0.09147975553857908,10.264789915966388,0.9496255196955107,2.4654184090600614e-22,0.003724595438251969
144,601579,0.10295291300877887,0.11496062992125977,0.03439380911435944,0.044271657754010714,10.689635294117647,0.9730198470778628,1.1175548497583713e-26,0.0013032032348772931
145,603908,0.15324675324675321,0.1677607585703866,0.05518672199170132,0.11220336134453786,22.39255630252101,0.9045976677979728,6.907984018690833e-18,0.006441435201513953
146,3004,0.14240506329113922,0.14240506329113922,0.08629441624365485,0.18800473644003055,24.04183361344538,0.9032739372704952,8.617895305417769e-18,0.010875664877807273
147,300716,0.18716577540106946,0.20372526193247964,0.09042196918955121,0.1889080213903743,10.731929411764707,0.9169561775923866,7.4570318196091425e-19,0.010049739054252263
148,603877,0.12289780077619665,0.12289780077619665,0.039677202420981834,0.06712070282658518,13.155008403361347,0.9604696134886122,5.071116805895221e-24,0.002407161461631406
149,603662,0.19128586609989376,0.20053725765008176,0.04157887343728043,1.288555996944232,29.819973109243712,0.9074342598085804,4.255744836003604e-18,0.0727521547325065
150,300880,0.11962470680218917,0.13217726396917148,0.05443037974683541,0.08697631779984727,21.898949579831932,0.9025556018975903,9.704580263992603e-18,0.005052048184763944
151,600694,0.14836154123154488,0.19324836376162588,0.02564102564102562,0.18945805958747136,17.795559663865543,0.9302754803111479,4.51734145876875e-20,0.009169065482526679
152,301318,0.1193149915777652,0.13771302913688843,0.06989886972040446,0.12713857906799075,30.209213445378154,0.9643251171403934,9.799197227067253e-25,0.004322867286148213
153,600080,0.09750000000000003,0.11604938271604932,0.03974358974358969,0.03722215431627197,6.5537462184873965,0.9371257793946226,8.605626683063181e-21,0.0017043699986520168
154,668,0.08469945355191254,0.07883082373782098,0.03438661710037168,0.020189763177998473,10.280515966386554,0.9583651733454212,1.164024400598662e-23,0.0007439077863670362
155,300018,0.12617449664429536,0.17091836734693877,0.0580110497237569,0.024700381970970214,6.678502521008403,0.945004712597982,1.0062894457904091e-21,0.0010533541994388823
156,600232,0.110569105691057,0.11201298701298708,0.0802047781569967,0.025397708174178763,5.178820168067228,0.9234429171034294,2.0229292784833972e-19,0.0012927281344629578
157,2723,0.1413427561837456,0.1583236321303841,0.07603092783505153,0.07387456073338426,5.652981512605042,0.9522247641287817,1.0548961926897166e-22,0.002925173338636395
158,688218,0.24900133155792278,0.2600852738602821,0.04775993237531695,0.3241886936592818,17.298680672268908,0.9157766129596576,9.350476335703893e-19,0.017379787110453064
159,300679,0.05637524774278783,0.06367265469061886,0.02037996545768566,0.42091688311688313,44.67866554621848,0.9877535939435805,3.6027044953336877e-32,0.008285169066551287
160,600261,0.07843137254901955,0.07843137254901955,0.03529411764705886,0.011438197097020632,3.113534453781513,0.925473931471374,1.3143136159939273e-19,0.0005737921432893984
161,603797,0.10722100656455147,0.10722100656455147,0.04460093896713604,0.01502322383498854,3.9542050420168064,0.9117223810002562,1.988028019395495e-18,0.0008263844685988191
162,600846,0.12474849094567407,0.14116485686080962,0.05337690631808281,0.041633613445378165,8.048163025210085,0.910553581010049,2.4551660126245685e-18,0.0023067357275378393
163,600857,0.2245989304812834,0.2533609100310238,0.05650459921156381,0.060136745607333834,6.613537815126051,0.9330177963059143,2.3739201411452993e-20,0.002848391523985736
164,2763,0.11615487316421896,0.11850865512649797,0.0489208633093525,0.01682643239113828,6.711157983193278,0.9191659427236908,4.838036696478139e-19,0.0008820989038327886
165,603203,0.11133200795228618,0.08482142857142848,0.037221795855717534,0.06356287242169595,23.682300840336133,0.9003378254380833,1.392683234097394e-17,0.0037384446670230844
166,603139,0.14477524810274364,0.1585295807007467,0.0717460317460318,0.05950404889228418,14.60418319327731,0.9243321316329226,1.6772694065429454e-19,0.0030096310127027234
167,1266,0.09338677354709413,0.09498997995991988,0.06666666666666672,0.09680183346065699,20.84171092436975,0.9849913298688577,9.34409974636618e-31,0.0021123384107245937
168,601368,0.07750472589792064,0.08442776735459666,0.02404809619238479,0.01299083269671506,4.81709243697479,0.9307857537506793,4.015417380585072e-20,0.0006262314631459714
169,2161,0.2125984251968504,0.22572178477690286,0.08175182481751819,0.03553506493506494,5.523347899159663,0.9011219325670692,1.2268437288353469e-17,0.0020808478635216763
170,2631,0.1134751773049645,0.11816578483245149,0.07578558225508321,0.027623376623376626,4.487949579831932,0.9568873260907063,2.035391276040242e-23,0.00103651085338835
171,603949,0.16408876933422997,0.1661016949152542,0.06202723146747354,0.10095416348357523,11.23681512605042,0.9262315957112162,1.1156483229668844e-19,0.005036451360992696
172,301042,0.10608020698576977,0.12561403508771923,0.06750313676286085,0.12311168831168835,35.328598319327725,0.9065186266515297,4.9839958447411185e-18,0.0069887334030307975
173,561,0.1664335664335665,0.1664335664335665,0.06141732283464562,0.027842322383498846,5.422072268907564,0.9129381045104423,1.591445146018044e-18,0.0015199309576129593
174,2397,0.15835777126099707,0.17595307917888564,0.03691275167785231,0.0215563025210084,2.5664386554621843,0.91818284406076,5.87336308804238e-19,0.0011375143476301528
175,300528,0.26170568561872914,0.2930344275420336,0.09100310237849026,0.08358166539343008,8.393431932773108,0.9529974787318932,8.12339223449409e-23,0.003281336222282854
176,708,0.13695652173913034,0.14254859611231097,0.06367924528301887,0.052799847211611906,2.817361344537815,0.9466913923098937,6.10814596549975e-22,0.0022148898470863983
177,600051,0.1622306717363751,0.1622306717363751,0.051798561151079184,0.03084461420932008,6.431652100840336,0.9529597379484435,8.228539177405788e-23,0.0012114400954429435
178,3019,0.10539018503620277,0.09860248447204979,0.03580952380952386,0.07061161191749427,23.846878991596636,0.9057283342969902,5.704958438901275e-18,0.004027103113359762
179,301151,0.09798099762470311,0.08313817330210763,0.053521126760563344,0.05168739495798315,15.985510924369748,0.921472989023942,3.040564555686915e-19,0.0026673369668864084
180,300562,0.13999999999999999,0.14655172413793108,0.08243727598566303,0.06451932773109242,13.383166386554622,0.9223508608530531,2.5388775241438104e-19,0.0033092919915263157
181,551,0.08556701030927837,0.0930470347648262,0.039173014145810606,0.04031917494270436,8.105233613445378,0.9279746222160801,7.603038371745422e-20,0.001985689640329392
182,2857,0.15135135135135136,0.1587407903549899,0.09182935647143887,0.08590435446906036,11.520519327731094,0.9733038743835248,9.433450435044937e-27,0.0025150121184398097
183,3040,0.23936750272628138,0.23936750272628138,0.08333333333333333,0.14295049656226125,11.807640336134458,0.9005680906886816,1.3419214994616794e-17,0.008396828656693767
184,688737,0.2329283619606201,0.2622884770346495,0.14171374764595096,0.24054102368220015,14.784926050420166,0.9463257053973203,6.815413664764443e-22,0.010126911623045553
185,603950,0.166935050993022,0.17622080679405522,0.05195599022004888,0.08058044308632546,14.349805042016808,0.9182614046456744,5.783544874693175e-19,0.00424996233948316
186,603516,0.17446197991391682,0.18998336721493256,0.06804250102165914,0.6525819709702064,30.27860336134453,0.9806256297260401,5.566863628775774e-29,0.016215198143465344
187,688027,0.13649122807017547,0.18379120879120875,0.06155688622754492,2.0730048892284194,250.163625210084,0.9690561948508677,1.003623247432294e-25,0.06548437924090293
188,2324,0.15429524603836528,0.19203187250996015,0.0569561157796453,0.09861359816653933,8.398757983193278,0.9752716594492449,2.7682553879811092e-27,0.0027758532372138705
189,688225,0.14058234758871702,0.15367383512544802,0.06914660831509854,0.1291728036669213,18.82094285714286,0.9292841227824825,5.66503215854128e-20,0.006299126134075875
190,300989,0.13623595505617975,0.09151636606546433,0.05021432945499073,0.07491902215431627,13.110571428571426,0.9578813316980995,1.4007188612411894e-23,0.0027771451053539386
191,600288,0.22564102564102556,0.2418803418803419,0.08424182358771057,0.05676959511077156,8.541684033613448,0.9181453351129558,5.916706888471398e-19,0.0029964484390607557
192,600986,0.16792929292929293,0.21640903686087992,0.08977900552486193,0.052389304812834214,5.326341176470589,0.9310787576337419,3.751356020292608e-20,0.002519712473357036
193,2591,0.17665130568356366,0.19519519519519515,0.0806174957118353,0.03136027501909854,5.112643697478992,0.9233396656650105,2.067134642532189e-19,0.001597384557347044
194,3016,0.1515486725663716,0.15376106194690253,0.03816793893129767,0.04980550038197097,7.715709243697479,0.9428037658158451,1.8874232718996736e-21,0.0021685796702940264
195,600708,0.13695652173913034,0.14254859611231097,0.06367924528301887,0.052799847211611906,2.817361344537815,0.9466913923098937,6.10814596549975e-22,0.0022148898470863983
196,1218,0.09960607765897578,0.10714285714285723,0.05350772889417362,0.0454789915966386,16.102949579831932,0.9101167702874976,2.6547876703189585e-18,0.002526542531535323
197,605136,0.1317671092951991,0.15628192032686408,0.04088397790055259,0.07083086325439267,7.153584873949579,0.9709257543994383,3.6994166771715505e-26,0.002166749786537491
198,2127,0.17343173431734307,0.19856887298747755,0.07660455486542445,0.06532742551566081,2.960626890756303,0.9409360349974959,3.1590452021855346e-21,0.00289335553408851
199,300840,0.2525641025641026,0.27497389488339724,0.08890845070422534,0.44963834988540863,10.938349579831934,0.9534930289509316,6.854596084664539e-23,0.01755450641131053
200,738,0.264179104477612,0.28343023255813954,0.05212355212355205,0.04802123758594346,4.357620168067227,0.9763819249832786,1.326680443663044e-27,0.0013202942822528566
201,2367,0.12198221092757305,0.1264222503160556,0.044382801664355105,0.03203789152024448,6.390668907563025,0.9257718123572771,1.2325480106693594e-19,0.0016036935746308418
202,2741,0.27109974424552424,0.2926920208799404,0.08973128598848373,0.374272116119175,11.698598319327733,0.9658133445771184,4.952002884264744e-25,0.012447845518744824
203,2458,0.10366972477064228,0.11181818181818186,0.040314650934119976,0.04355966386554623,9.072794957983191,0.9236916703471183,1.920043296941692e-19,0.0022132577345717777
204,300289,0.13050847457627127,0.14070351758793967,0.08093525179856102,0.021441405653170348,5.0666873949579845,0.9515560725096082,1.3180655065760246e-22,0.0008552257023331096
205,2840,0.11626139817629175,0.13483146067415722,0.050557620817843846,0.07649793735676089,11.53646050420168,0.9600959494264104,5.896003156552351e-24,0.002756931074253044
206,300459,0.16865417376490632,0.18319327731092433,0.09090909090909095,0.08879098548510315,4.850331092436974,0.9378875736706686,7.078008936335302e-21,0.004039315196930835
207,603103,0.13477246207701285,0.14060676779463244,0.059087989723827866,0.10770420168067227,12.68599831932773,0.9659605904925489,4.621215700803304e-25,0.003574118615726726
208,600319,0.14685314685314682,0.14685314685314682,0.08380952380952389,0.01836684491978609,4.892623529411765,0.9171829464782488,7.136985387821108e-19,0.0009756442106457113
209,603025,0.1006097560975609,0.12394195888754529,0.023384615384615434,0.048325133689839574,14.494517647058826,0.9192608671663334,4.747701414656125e-19,0.0025317494773420017
210,2109,0.1335078534031413,0.14025974025974028,0.04899135446685889,0.016522689075630252,3.188052100840336,0.9514094419210789,1.3834678507443495e-22,0.0006600821006575841
211,688767,0.08027660853878528,0.09049909801563434,0.03926234384295064,0.13603850267379686,29.590305882352943,0.9593030317317275,8.080670329197305e-24,0.0049532468757828504
212,300249,0.12870448772226936,0.16118143459915613,0.06616415410385253,0.08173231474407945,8.818946218487394,0.9246334161873755,1.573308176283146e-19,0.004124995055561134
213,2697,0.19525801952580202,0.22994652406417118,0.0336700336700337,0.04275233002291826,5.015998319327731,0.9467648864563114,5.974576239893469e-22,0.0017921023978474612
214,2391,0.08362989323843412,0.08362989323843412,0.04655493482309125,0.013784568372803683,5.067025210084032,0.9667411224882771,3.1871359898613903e-25,0.00045197756721636546
215,2343,0.19268292682926821,0.2090800477897251,0.08815426997245175,0.04120381970970207,6.521695798319327,0.917973749842856,6.118836432778053e-19,0.002177327646005811
216,300148,0.20038910505836566,0.22744360902255636,0.10869565217391305,0.02936012223071046,3.9706168067226892,0.9056804315621357,5.75166020949913e-18,0.0016749285308631297
217,301398,0.1281233386496544,0.14778067885117496,0.0626808100289296,0.20726753246753246,46.54620336134454,0.9256056047299535,1.2775625076665316e-19,0.010387556740339405
218,729,0.10439944134078219,0.12321167883211676,0.020605280103026306,0.25989335370511846,23.0805243697479,0.960817907647894,4.400830984903513e-24,0.009277766790993281
219,600969,0.10799999999999994,0.10918774966711044,0.04304160688665708,0.020743773873185625,6.695963025210084,0.9232074939878714,2.1250443349566316e-19,0.0010576026735971357
220,603319,0.10428571428571434,0.1197535618020793,0.06678700361010823,0.16523346065699007,22.036147899159666,0.9139180071225791,1.327151937854738e-18,0.008964489210617488
221,600108,0.11890243902439016,0.12158054711246198,0.03344481605351173,0.009847058823529414,2.869082352941177,0.9512731460765003,1.4469783280572396e-22,0.0003939699619535406
222,2614,0.19761904761904764,0.225287356321839,0.07182320441988957,0.05080993124522536,6.085547899159665,0.9503194137488027,1.9740579926743405e-22,0.0020536771612932455
223,300166,0.1742361684558216,0.1742361684558216,0.05681818181818178,0.05162765469824295,9.545702521008403,0.9159651431465164,9.020280945070112e-19,0.00276437951697187
224,3030,0.1522453450164294,0.15640326975476843,0.053374233128834415,0.07760550038197096,14.564685714285714,0.9660274611642967,4.477936157917369e-25,0.002572685981716284
225,603817,0.10492845786963437,0.10492845786963437,0.04753820033955847,0.017531550802139043,5.595788235294117,0.905724951847701,5.708244381609769e-18,0.0009998746566432805
226,2315,0.18870056497175147,0.21777130371449382,0.07593307593307592,0.5564728800611153,29.4166974789916,0.9791023009751728,1.87008759873721e-28,0.014371569979097817
227,1222,0.1749607124148769,0.1749607124148769,0.04090354090354079,0.13712360580595873,12.363813445378153,0.9311303977607694,3.7065394728698123e-20,0.006592433698412578
228,603529,0.10716208939149176,0.07965009208103133,0.013068731848983522,0.2232308632543927,34.07092605042018,0.9511126532421275,1.525267260123318e-22,0.008946671752740418
229,603709,0.14893617021276587,0.16149068322981366,0.10770505385252699,0.052918411000763964,10.26022857142857,0.9760770042065797,1.6291727540749663e-27,0.0014645275546263368
230,300242,0.23802163833075735,0.264179104477612,0.1283422459893049,0.05753262032085562,4.016799999999999,0.9302032275190749,4.592991901046931e-20,0.002785915338801603
231,301127,0.2903073286052009,0.31062030075187974,0.04984227129337534,0.20250710466004584,11.044897478991597,0.9556771250263834,3.171562931412029e-23,0.007709454350186779
232,688111,0.13022364217252394,0.14332157644533053,0.04308337978294366,1.4094088617265093,269.4806067226891,0.9135186596925121,1.429457026791596e-18,0.07665923891157209
233,300969,0.11156462585034017,0.12348993288590611,0.0477216417106538,0.4191468296409475,77.81384201680673,0.904350420059089,7.200987985962616e-18,0.02409707656913607
234,301113,0.17795753286147625,0.2099125364431487,0.07665903890160176,0.075683269671505,25.054843697478994,0.9104188064294316,2.5152035720992125e-18,0.004196746232305642
235,2815,0.13162705667276048,0.14207650273224048,0.04891815616180633,0.03030099312452255,9.481268907563024,0.9105722979796259,2.4469353243724104e-18,0.001678652077746501
236,2306,0.23903508771929813,0.25854700854700846,0.04407713498622581,0.03847929717341482,3.102238655462185,0.9645526346862384,8.844735814878474e-25,0.0013040107046975661
237,2067,0.14392059553349876,0.15024630541871908,0.059945504087193395,0.01775156608097785,3.364393277310924,0.9004631652639408,1.3648330770462263e-17,0.0010433274198986327
238,2830,0.15576534052596092,0.16366065464261864,0.08679795769511314,0.06328540870893812,12.398820168067227,0.9362504159618871,1.074109750323149e-20,0.0029192498455189375
239,603272,0.12718064153066966,0.14206437291897883,0.09075244112578978,0.14540412528647817,12.443420168067227,0.9763161178834265,1.3871210862368995e-27,0.004003436596208107
240,603639,0.06553755522827692,0.06553755522827692,0.014774494556765124,0.03535064935064935,12.043714285714284,0.912765891419497,1.642711817465136e-18,0.001931905455398741
241,600405,0.19966442953020141,0.22147651006711414,0.07787610619469033,0.03819786096256684,4.25564705882353,0.9521911787481376,1.0668418734603411e-22,0.0015130594613382534
242,735,0.16845878136200723,0.18881118881118883,0.07784431137724544,0.026403819709702053,4.56730756302521,0.9160874217418198,8.812000754792354e-19,0.0014126573779490437
243,688646,0.12799791449426476,0.13071725571725556,0.06459731543624148,0.19877876241405654,31.22159159663866,0.9007719898038364,1.2984259125336798e-17,0.011662850214156226
244,2566,0.11166875784190712,0.11389236545682103,0.054959785522788226,0.022102826585179536,7.013979831932773,0.9565965617252624,2.2668180872314563e-23,0.0008322819700094031
245,600630,0.1250000000000001,0.1348837209302325,0.07841483979763911,0.055191291061879276,9.558137815126049,0.911951228375064,1.906928987826374e-18,0.00303159658142276
246,1331,0.129746835443038,0.13043478260869568,0.06410256410256411,0.035704965622612696,11.113838655462185,0.9405431939999002,3.513213417653011e-21,0.0015869565830526526
247,2798,0.19438877755511033,0.19920318725099603,0.08843537414965999,0.01844736440030557,4.070089075630252,0.9103478177316147,2.5473776037125064e-18,0.0010233780376605163
248,603681,0.06557377049180328,0.06557377049180328,0.05643994211287996,0.03131428571428574,12.794549579831932,0.9635748923195943,1.3676087061205294e-24,0.0010762798393045708
249,600115,0.06928406466512697,0.08428246013667429,0.019464720194647216,0.010835599694423236,3.8653008403361344,0.9608200236040949,4.397025438348453e-24,0.0003868022801283682
250,2144,0.0943396226415094,0.1287128712871286,0.04718693284936475,0.04396546982429334,10.05792268907563,0.9742989172028235,5.1346752176542035e-27,0.0012623108924168073
251,300214,0.11419753086419755,0.12898330804248856,0.07166123778501621,0.016831932773109248,5.748714285714286,0.9517276995585007,1.245198656470988e-22,0.0006701185528597571
252,688622,0.2540132200188857,0.2540132200188857,0.08950483614840474,1.3805480341880343,37.365264957264955,0.9410306765545191,2.9307763559776497e-16,0.0705435129512264
253,2442,0.07093425605536334,0.08047945205479448,0.04618117229129659,0.027665851795263558,4.88566050420168,0.9296134771074013,5.2564375249996335e-20,0.0013457444798908266
254,600082,0.22191780821917811,0.22191780821917811,0.07491856677524429,0.014020779220779225,2.8272453781512605,0.9158398214991492,9.238528961257687e-19,0.0007513472894100982
255,2527,0.2607655502392344,0.2607655502392344,0.08250497017892644,0.11651841100076395,7.380181512605043,0.914741875019074,1.1373990051990118e-18,0.006288371236595857
256,603798,0.13800205973223498,0.14329580348004098,0.060879368658399005,0.031814056531703584,8.365744537815125,0.9003534995055912,1.3891715701671612e-17,0.0018709774640262157
257,300897,0.143811394891945,0.143811394891945,0.052352048558421814,0.1219457601222307,21.44057142857143,0.9025558641058558,9.704161136219323e-18,0.007083249248469873
258,603333,0.1332046332046331,0.16226415094339613,0.07169811320754715,0.03207883880825058,3.9718756302521014,0.9432471248450445,1.6660976479010896e-21,0.0013909926627739492
259,900927,0.08659793814432987,0.10141987829614603,0.06540084388185649,0.0018581512605042026,0.4046405042016807,0.9552682150256885,3.6742903439539805e-23,7.108067210814635e-05
260,688181,0.09825764067409305,0.1268209083119108,0.07323529411764701,0.33891886936592824,23.7994268907563,0.9554732571854243,3.413539205253633e-23,0.012933675345256778
261,301533,0.1333725029377203,0.16216983811417213,0.06998738965952077,0.14517387318563785,28.055248739495795,0.9201433654195668,3.980329021072092e-19,0.007560338261306412
262,2969,0.1494565217391305,0.1494565217391305,0.06845238095238095,0.009950190985485097,3.195174789915966,0.9256301935968504,1.2708072433321297e-19,0.0004985813127324381
263,576,0.16338028169014074,0.17464788732394357,0.06892067620286088,0.07026035141329257,5.679645378151261,0.9378028853618576,7.234314576380508e-21,0.0031986348533439915
264,301193,0.07985480943738658,0.07993292342090552,0.03976608187134501,0.04982047364400306,15.922168067226893,0.9136701123953022,1.389816979984031e-18,0.0027071900260210763
265,2296,0.16123499142367073,0.17884130982367766,0.05973025048169566,0.08283391902215434,8.568652100840335,0.9118493129231369,1.9426548548423058e-18,0.0045528624864892555
266,300291,0.21621621621621628,0.21621621621621628,0.09090909090909088,0.04504553093964857,5.160836974789916,0.9399298747254057,4.141415363932595e-21,0.002013067155714348
267,688053,0.2540073982737361,0.2540073982737361,0.07447134538768015,0.39282536287242176,25.09926386554622,0.9063345910483271,5.143814895629887e-18,0.022323889812972064
268,600029,0.08253094910591467,0.09986504723346831,0.023222060957909907,0.03127822765469823,6.0092621848739505,0.9637695934320503,1.2551003800817783e-24,0.0010720551828124528
269,600819,0.181547619047619,0.181547619047619,0.054982817869415855,0.024512910618792974,5.315566386554622,0.9232553515109861,2.103902558606295e-19,0.0012493468504223891
270,2801,0.08424219631440386,0.09647495361781068,0.044952681388012644,0.13227929717341486,21.514391596638657,0.9253291036812067,1.3558801464934368e-19,0.006642697273420274
271,2263,0.17532467532467533,0.1806451612903226,0.06319702602230481,0.016914285714285715,2.449973109243697,0.9236102055662542,1.9531845236659744e-19,0.0008599079861312387
272,300561,0.23399999999999999,0.23198198198198194,0.047882136279926234,1.1817812070282658,16.585668907563022,0.9453373865567793,9.130401128675243e-22,0.05023586320673256
273,600668,0.08469945355191254,0.07883082373782098,0.03438661710037168,0.020189763177998473,10.280515966386554,0.9583651733454212,1.164024400598662e-23,0.0007439077863670362
274,300413,0.08507462686567169,0.08481135117703974,0.045454545454545386,0.11137922077922084,26.424154621848743,0.9482685066305839,3.7747921447330844e-22,0.004598763018227189
275,2669,0.144385026737968,0.1905564924114671,0.06542968749999999,0.04328510313216193,9.385766386554621,0.9049885909344954,6.467430864226624e-18,0.0024793040786362484
276,300494,0.15338245144005352,0.21049344159900066,0.07534747622531085,0.09985439266615735,11.351961344537816,0.9617799278130922,2.9552394061150325e-24,0.003518844554976124
277,1314,0.14785046728971957,0.19480748851995752,0.10303783975839398,0.2657770817417876,42.37076638655463,0.9253466350443224,1.350783739563931e-19,0.013344890309345221
278,950,0.166935050993022,0.17622080679405522,0.05195599022004888,0.08058044308632546,14.349805042016808,0.9182614046456744,5.783544874693175e-19,0.00424996233948316
279,600186,0.14529914529914525,0.18708609271523177,0.06679389312977109,0.030773109243697475,4.539008403361343,0.9581565133378781,1.2610844116382045e-23,0.0011368210171455791
280,601528,0.059021922428330466,0.06745362563237765,0.01413427561837457,0.01571016042780749,5.2691647058823525,0.9384873791649004,6.058326713571274e-21,0.0007110064296647642
281,2995,0.18635855385762207,0.21540312876052953,0.08541746825702189,0.16325650723025587,20.217447311827964,0.9446435995116625,3.8936375155007205e-19,0.007468638057202908
282,300043,0.21157323688969257,0.24041811846689892,0.09185803757828818,0.06298991596638655,2.9748134453781514,0.9514543370693889,1.3631267421440491e-22,0.002515227558465243
283,603116,0.2533936651583711,0.28348214285714296,0.06169296987087514,0.0989281894576012,4.879596638655462,0.9612898302692494,3.6243804309320415e-24,0.003509380314134504
284,600415,0.09422492401215807,0.09422492401215807,0.037735849056603835,0.11624843391902215,10.8697243697479,0.9703799369457086,4.9829711183044045e-26,0.003590328666719515
285,300723,0.12315851502651728,0.10590858416945384,0.049579045837231,0.16325897631779987,15.403285714285712,0.9799188758417685,9.8792638596385e-29,0.004131435993483923
286,688031,0.1980668673744256,0.24977764601245175,0.09405329098288333,0.6602693659281897,35.869643697478985,0.9244269089372216,1.6438907155549566e-19,0.033372862759531156
287,688590,0.1776776776776777,0.2012639766650462,0.0573313039066465,0.14239083269671504,14.556845378151259,0.9326199656806361,2.6103676079241736e-20,0.006765817829887491
288,2234,0.15171137835337656,0.16102470265324792,0.05578512396694206,0.05337677616501146,8.54213613445378,0.9040844337355521,7.529191007130268e-18,0.003073388078781504
289,600448,0.18397626112759646,0.18879056047197643,0.08637873754152818,0.015779984721161187,2.6622184873949584,0.9276698603682347,8.135685874083424e-20,0.0007789229815615132
290,603599,0.059725585149313976,0.08731466227347615,0.025941422594142154,0.03129243697478992,11.088233613445379,0.9071958298297262,4.43511015759828e-18,0.0017692842860099623
291,300326,0.1423125794155019,0.1766871165644172,0.05866666666666672,0.060808097784568374,5.446813445378151,0.9312782782340867,3.580961207211633e-20,0.0029200729956279474
292,3028,0.09775561097256862,0.11885046273745743,0.045815677966101614,0.20211611917494277,32.45755462184874,0.9206907089523484,3.5645689802990093e-19,0.010486513377117196
293,2543,0.10137795275590544,0.08133971291866025,0.034749034749034693,0.029557372039724975,9.56621512605042,0.9080510211009388,3.8228177206929965e-18,0.0016626818604864814
294,300616,0.178395061728395,0.17962962962962964,0.054363376251788255,0.051887853323147465,13.299438655462184,0.9069173506361171,4.653575034573504e-18,0.002938605094153709
295,605080,0.1060337178349601,0.1060337178349601,0.04333333333333334,0.09868586707410239,18.272653781512606,0.9455749432749069,8.514803783242807e-22,0.004185346702947927
296,407,0.13881748071979436,0.13881748071979436,0.03746397694524505,0.013699312452253636,3.2046672268907566,0.9140458765566931,1.2958736059347784e-18,0.0007426311174915827
297,603895,0.13439244310863027,0.16583333333333336,0.07391673746813927,0.1409802902979373,18.469884033613447,0.9557843240031343,3.0508721446744346e-23,0.005360330828563301
298,415,0.09422492401215807,0.09422492401215807,0.037735849056603835,0.11624843391902215,10.8697243697479,0.9703799369457086,4.9829711183044045e-26,0.003590328666719515
299,600714,0.1033797216699802,0.11899999999999995,0.05747126436781617,0.03157433155080216,8.921435294117646,0.9123579555782595,1.77039849292578e-18,0.0017299469845546071
300,2403,0.32123024348568985,0.32806492951730026,0.08333333333333331,0.36930634071810536,7.424563025210084,0.9761504877590413,1.5508677828971863e-27,0.010204533083070852
301,300426,0.21595184349134683,0.21595184349134683,0.09399477806788512,0.05754774637127579,9.543697478991596,0.9089895866894222,3.2425031341608184e-18,0.0032189884695889622
302,915,0.1597975415762835,0.1597975415762835,0.052373158756137524,0.09147975553857908,10.264789915966388,0.9496255196955107,2.4654184090600614e-22,0.003724595438251969
303,605089,0.13810906744110996,0.14391025641025637,0.051828186013489555,0.2648194041252865,20.422332773109247,0.9069662019048631,4.614535803196073e-18,0.014993383132032821
304,2819,0.12933947772657442,0.14142335766423364,0.05468258956631056,0.10916653934300999,29.625075630252102,0.9635228025783127,1.3992740907166347e-24,0.0037548646537443027
305,2117,0.1454720616570329,0.15125240847784202,0.0329218106995885,0.07030175706646295,7.895226890756305,0.9604489171169046,5.113815980921025e-24,0.0025219312557240967
306,300788,0.12341304989666362,0.13949179460031771,0.06627680311890827,0.14677402597402597,30.80016974789915,0.9575771752190272,1.5718639689069616e-23,0.005461187865704105
307,935,0.1516129032258065,0.17419354838709677,0.0531914893617021,0.011969442322383495,2.574857142857143,0.9319902258587104,3.0302667403680636e-20,0.0005715824880644639
308,2086,0.22673031026252985,0.23150357995226734,0.07736389684813753,0.040616042780748665,2.573482352941177,0.9882237699871221,1.9252779423393617e-32,0.0007837870986457704
309,688529,0.22265435099659697,0.22265435099659697,0.08039329091960665,0.13394178762414058,14.555989915966386,0.9319828667588204,3.035528548795037e-20,0.0063965573672789
310,688360,0.10592459605026938,0.11881188118811875,0.029765013054830303,0.12260198624904504,15.312302521008402,0.9296729062890602,5.1857196900761067e-20,0.005960995102503818
311,603338,0.08180388044048242,0.06280107047279208,0.0148522673408121,0.3631286478227655,51.434583193277305,0.9092050278566475,3.1215021484324262e-18,0.020285490289660778
312,835174,0.24690476190476193,0.31458425967096487,0.05029502669289143,0.4146304347826086,24.821583333333333,0.9290869418336691,3.9662868467637173e-14,0.02442219902187092
313,300182,0.12479740680713121,0.14247311827956996,0.061516452074392075,0.04231153552330024,5.5106537815126035,0.9588367626186913,9.698531438709627e-24,0.0015497663281486358
314,605180,0.15568475452196384,0.15568475452196384,0.08798882681564243,0.055896409472880035,12.20770924369748,0.9308987645215209,3.9115697376923064e-20,0.002692158354255196
315,601999,0.17543859649122812,0.22314049586776866,0.07876230661040794,0.034177692895339964,6.331568067226891,0.951223875761559,1.4706023154350471e-22,0.0013681383817443198
316,2303,0.14009661835748785,0.14009661835748785,0.06100795755968169,0.02821909854851031,3.143267226890756,0.9559784821920829,2.8431677877759297e-23,0.001070475161663624
317,16,0.06971153846153846,0.07637231503579958,0.007371007371007432,0.011894576012223065,3.725739495798319,0.9427395682418138,1.9216668603913787e-21,0.0005182095572152607
318,1317,0.15543126287901082,0.17699368904188176,0.07717145624798194,0.17341207028265856,26.587877310924377,0.9234629892263287,2.0144393218898268e-19,0.008825317427532987
319,603089,0.09706774519716894,0.10521042084168343,0.058201058201058094,0.035501604278074854,8.454047058823534,0.9433548836145431,1.6161097994134242e-21,0.0015378595549132546
320,2350,0.09833795013850416,0.09833795013850416,0.05997210599721056,0.024822001527883896,6.013966386554621,0.9475184040277801,4.754299978648933e-22,0.0010326936308512743
321,819,0.181547619047619,0.181547619047619,0.054982817869415855,0.024512910618792974,5.315566386554622,0.9232553515109861,2.103902558606295e-19,0.0012493468504223891
322,603968,0.13051305130513047,0.13207547169811326,0.05408062930186831,0.025047058823529377,9.93734117647059,0.9334377183440217,2.14622276809702e-20,0.0011823693791163997
323,593,0.2931648273406906,0.2931648273406906,0.09791004089050435,0.7612895339954164,20.142781512605044,0.9579489103970991,1.3651442585953112e-23,0.028196313002409174
324,2400,0.26410466067048244,0.3135011441647597,0.11210317460317468,0.11932039724980897,6.236272268907561,0.9517139367900791,1.2508995447840993e-22,0.0047511351683623354
325,603819,0.1383344803854095,0.14246386785960072,0.032159264931087284,0.16020931085043985,9.568630681818183,0.9253704332817679,1.858569397992446e-18,0.008306628263755623
326,2825,0.11846689895470379,0.12758620689655167,0.06879606879606885,0.01934545454545454,7.623976470588236,0.9335035296541204,2.112451421474791e-20,0.0009127361756420991
327,600729,0.10439944134078219,0.12321167883211676,0.020605280103026306,0.25989335370511846,23.0805243697479,0.960817907647894,4.400830984903513e-24,0.009277766790993281
328,300246,0.14601226993865035,0.14601226993865035,0.09174311926605506,0.02688724216959511,7.048036974789916,0.9387121451764895,5.7130358710825425e-21,0.0012144852972407725
329,2394,0.09631391200951255,0.09631391200951255,0.04166666666666668,0.02289763177998473,7.440571428571428,0.9390690216506714,5.202465783701944e-21,0.0010310646484032746
330,603813,0.15882753919563736,0.1645226811103588,0.0992700729927007,0.05673720397249811,11.788865546218487,0.9051350713322592,6.309249635359105e-18,0.003247050824452164
331,2848,0.20287253141831235,0.20287253141831235,0.14359861591695502,0.05503239113827346,9.192936134453781,0.9038638023278434,7.812021873063388e-18,0.003172746454452909
332,600728,0.13126079447322966,0.16445182724252483,0.06156716417910449,0.023409931245225363,4.740971428571428,0.9769514707728089,8.974842062124714e-28,0.0006356385996386223
333,728,0.13126079447322966,0.16445182724252483,0.06156716417910449,0.023409931245225363,4.740971428571428,0.9769514707728089,8.974842062124714e-28,0.0006356385996386223
334,600616,0.20765027322404378,0.2140921409214092,0.08976377952755897,0.03644476699770817,5.335926050420167,0.9182035093999227,5.849610476940752e-19,0.0019229059808058373
335,2339,0.20971074380165283,0.28169014084507044,0.06820950060901346,0.03876776165011459,6.721949579831933,0.9050436063828542,6.407589632348525e-18,0.0022198472499433595
336,688500,0.0752658849195529,0.14956405097250164,0.08254493850520345,0.19636928953399538,34.37240672268908,0.9541202205206855,5.514423194342241e-23,0.007612156187691106
337,300058,0.20418410041841,0.23614457831325297,0.08645533141210378,0.12247746371275783,7.9563865546218455,0.9167072417323918,7.823837629145427e-19,0.006526336857009442
